n_players,mean_rapm,median_rapm,sd_rapm,min_rapm,max_rapm
2346,1.0560850919080826e-4,1.2848985942804736e-4,5.656781187856816e-4,-0.0026824188461219704,0.0038298049689003476
